ID,Name,Begin date,End date,Duration,Completion,Cost,Coordinator,Predecessors,Outline number,Resources,Assignments,Task color,Web Link,Notes,Flag1,Flag2,Flag3,Flag4,Flag5,Flag6,Flag7,Flag8,Flag9,Flag10,Number1,Number2,Number3,Number4,Number5,Cost1,Cost2,Cost3,Cost4,Cost5,Cost6,Cost7,Cost8,Cost9,Cost10,Flag11,Flag12,Flag13,Flag14,Flag15,Flag16,Flag17,Flag18,Flag19,Flag20,Number6,Number7,Number8,Number9,Number10,Number11,Number12,Number13,Number14,Number15,Number16,Number17,Number18,Number19,Number20,Text20
0,PROGRAMA OBRA EDIFICIO ARBOLEDA CHILLAN,10/24/22,12/12/22,36,20,0.0,,,1,,,"#000000",,,false,false,false,false,false,false,false,false,false,false,20.45267489711934,0.0,0.0,0.0,0.0,0.0,0.0,0.0,0.0,0.0,0.0,0.0,0.0,0.0,0.0,false,false,false,false,false,false,false,false,false,false,0.0,0.0,0.0,0.0,0.0,0.0,0.0,0.0,0.0,0.0,0.0,0.0,0.0,0.0,0.0,
1,"  EDIFICIO ARBOLEDA CHILLAN DIAS HABILES",10/24/22,12/12/22,36,20,0.0,,,1.1,,,"#000000",,,false,false,false,false,false,false,false,false,false,false,20.45267489711934,0.0,0.0,0.0,0.0,0.0,0.0,0.0,0.0,0.0,0.0,0.0,0.0,0.0,0.0,false,false,false,false,false,false,false,false,false,false,0.0,0.0,0.0,0.0,0.0,0.0,0.0,0.0,0.0,0.0,0.0,0.0,0.0,0.0,0.0,"18,57"
2,"    EDIFICIO ARBOLEDA CHILLAN DIAS CORRIDOS",10/24/22,12/12/22,36,20,0.0,,,1.1.1,,,"#000000",,,false,false,false,false,false,false,false,false,false,false,20.45267489711934,0.0,0.0,0.0,0.0,0.0,0.0,0.0,0.0,0.0,0.0,0.0,0.0,0.0,0.0,false,false,false,false,false,false,false,false,false,false,0.0,0.0,0.0,0.0,0.0,0.0,0.0,0.0,0.0,0.0,0.0,0.0,0.0,0.0,0.0,"18,57"
3,"      Reinicio del Programa",10/24/22,10/24/22,1,0,0.0,,,1.1.1.1,,,,,,false,false,false,false,false,false,false,false,false,false,0.0,0.0,0.0,0.0,0.0,0.0,0.0,0.0,0.0,0.0,0.0,0.0,0.0,0.0,0.0,false,false,false,false,false,false,false,false,false,false,0.0,0.0,0.0,0.0,0.0,0.0,0.0,0.0,0.0,0.0,0.0,0.0,0.0,0.0,0.0,100
4,"      EDIFICACION",10/24/22,12/12/22,36,20,0.0,,,1.1.1.2,,,"#000000",,,false,false,false,false,false,false,false,false,false,false,20.50411522633745,0.0,0.0,0.0,0.0,0.0,0.0,0.0,0.0,0.0,0.0,0.0,0.0,0.0,0.0,false,false,false,false,false,false,false,false,false,false,0.0,0.0,0.0,0.0,0.0,0.0,0.0,0.0,0.0,0.0,0.0,0.0,0.0,0.0,0.0,"18,35"
5,"        TERMINACIONES",10/24/22,12/12/22,36,20,0.0,,,1.1.1.2.1,,,"#000000",,,false,false,false,false,false,false,false,false,false,false,20.50411522633745,0.0,0.0,0.0,0.0,0.0,0.0,0.0,0.0,0.0,0.0,0.0,0.0,0.0,0.0,false,false,false,false,false,false,false,false,false,false,0.0,0.0,0.0,0.0,0.0,0.0,0.0,0.0,0.0,0.0,0.0,0.0,0.0,0.0,0.0,"18,35"
6,"          Pilotos",10/24/22,12/12/22,36,20,0.0,,,1.1.1.2.1.1,,,"#000000",,,false,false,false,false,false,false,false,false,false,false,20.50411522633745,0.0,0.0,0.0,0.0,0.0,0.0,0.0,0.0,0.0,0.0,0.0,0.0,0.0,0.0,false,false,false,false,false,false,false,false,false,false,0.0,0.0,0.0,0.0,0.0,0.0,0.0,0.0,0.0,0.0,0.0,0.0,0.0,0.0,0.0,"18,35"
7,"            Departamento 205",10/24/22,11/24/22,24,27,0.0,,,1.1.1.2.1.1.1,,,"#000000",,,false,false,false,false,false,false,false,false,false,false,27.90895061728395,0.0,0.0,0.0,0.0,0.0,0.0,0.0,0.0,0.0,0.0,0.0,0.0,0.0,0.0,false,false,false,false,false,false,false,false,false,false,0.0,0.0,0.0,0.0,0.0,0.0,0.0,0.0,0.0,0.0,0.0,0.0,0.0,0.0,0.0,"41,86"
8,"              Fase 3",10/24/22,11/22/22,22,46,0.0,,,1.1.1.2.1.1.1.1,,,"#000000",,,false,false,false,false,false,false,false,false,false,false,46.936026936026934,0.0,0.0,0.0,0.0,0.0,0.0,0.0,0.0,0.0,0.0,0.0,0.0,0.0,0.0,false,false,false,false,false,false,false,false,false,false,0.0,0.0,0.0,0.0,0.0,0.0,0.0,0.0,0.0,0.0,0.0,0.0,0.0,0.0,0.0,"57,15"
9,"                Maquillaje Terrazas (Antepechos,Cielos, Muros sin Eifs, Cielos)",10/24/22,10/26/22,3,100,0.0,,3-SS,1.1.1.2.1.1.1.1.1,,,,,,false,false,false,false,false,false,false,false,false,false,100.0,0.0,0.0,0.0,0.0,0.0,0.0,0.0,0.0,0.0,0.0,0.0,0.0,0.0,0.0,false,false,false,false,false,false,false,false,false,false,0.0,0.0,0.0,0.0,0.0,0.0,0.0,0.0,0.0,0.0,0.0,0.0,0.0,0.0,0.0,100
10,"                Remate Ventanas",10/24/22,10/25/22,2,100,0.0,,9-SS,1.1.1.2.1.1.1.1.2,,,,,,false,false,false,false,false,false,false,false,false,false,100.0,0.0,0.0,0.0,0.0,0.0,0.0,0.0,0.0,0.0,0.0,0.0,0.0,0.0,0.0,false,false,false,false,false,false,false,false,false,false,0.0,0.0,0.0,0.0,0.0,0.0,0.0,0.0,0.0,0.0,0.0,0.0,0.0,0.0,0.0,100
11,"                Barandas Vidriadas instalacion Banquina Aluminio",11/15/22,11/17/22,3,0,0.0,,26,1.1.1.2.1.1.1.1.3,,,,,,false,false,false,false,false,false,false,false,false,false,0.0,0.0,0.0,0.0,0.0,0.0,0.0,0.0,0.0,0.0,0.0,0.0,0.0,0.0,0.0,false,false,false,false,false,false,false,false,false,false,0.0,0.0,0.0,0.0,0.0,0.0,0.0,0.0,0.0,0.0,0.0,0.0,0.0,0.0,0.0,0
12,"                Barandas Vidriadas Instalacion Cristal",11/18/22,11/22/22,3,0,0.0,,11,1.1.1.2.1.1.1.1.4,,,,,,false,false,false,false,false,false,false,false,false,false,0.0,0.0,0.0,0.0,0.0,0.0,0.0,0.0,0.0,0.0,0.0,0.0,0.0,0.0,0.0,false,false,false,false,false,false,false,false,false,false,0.0,0.0,0.0,0.0,0.0,0.0,0.0,0.0,0.0,0.0,0.0,0.0,0.0,0.0,0.0,0
13,"                Cortagoteras terrazas",10/27/22,10/31/22,3,0,0.0,,9,1.1.1.2.1.1.1.1.5,,,,,,false,false,false,false,false,false,false,false,false,false,0.0,0.0,0.0,0.0,0.0,0.0,0.0,0.0,0.0,0.0,0.0,0.0,0.0,0.0,0.0,false,false,false,false,false,false,false,false,false,false,0.0,0.0,0.0,0.0,0.0,0.0,0.0,0.0,0.0,0.0,0.0,0.0,0.0,0.0,0.0,100
14,"                Canteria Baños",11/1/22,11/7/22,5,100,0.0,,16,1.1.1.2.1.1.1.1.6,,,,,,false,false,false,false,false,false,false,false,false,false,100.0,0.0,0.0,0.0,0.0,0.0,0.0,0.0,0.0,0.0,0.0,0.0,0.0,0.0,0.0,false,false,false,false,false,false,false,false,false,false,0.0,0.0,0.0,0.0,0.0,0.0,0.0,0.0,0.0,0.0,0.0,0.0,0.0,0.0,0.0,60
15,"                Ceramica piso",10/24/22,10/25/22,2,100,0.0,,10-SS,1.1.1.2.1.1.1.1.7,,,,,,false,false,false,false,false,false,false,false,false,false,100.0,0.0,0.0,0.0,0.0,0.0,0.0,0.0,0.0,0.0,0.0,0.0,0.0,0.0,0.0,false,false,false,false,false,false,false,false,false,false,0.0,0.0,0.0,0.0,0.0,0.0,0.0,0.0,0.0,0.0,0.0,0.0,0.0,0.0,0.0,100
16,"                Ceramica Muro (Baño)",10/27/22,10/31/22,3,80,0.0,,29,1.1.1.2.1.1.1.1.8,,,,,,false,false,false,false,false,false,false,false,false,false,80.0,0.0,0.0,0.0,0.0,0.0,0.0,0.0,0.0,0.0,0.0,0.0,0.0,0.0,0.0,false,false,false,false,false,false,false,false,false,false,0.0,0.0,0.0,0.0,0.0,0.0,0.0,0.0,0.0,0.0,0.0,0.0,0.0,0.0,0.0,100
17,"                Ceramica Muro (Cocina)",11/3/22,11/3/22,1,0,0.0,,33,1.1.1.2.1.1.1.1.9,,,,,,false,false,false,false,false,false,false,false,false,false,0.0,0.0,0.0,0.0,0.0,0.0,0.0,0.0,0.0,0.0,0.0,0.0,0.0,0.0,0.0,false,false,false,false,false,false,false,false,false,false,0.0,0.0,0.0,0.0,0.0,0.0,0.0,0.0,0.0,0.0,0.0,0.0,0.0,0.0,0.0,100
18,"                Cornisas",10/26/22,10/27/22,2,90,0.0,,10,1.1.1.2.1.1.1.1.10,,,,,,false,false,false,false,false,false,false,false,false,false,90.0,0.0,0.0,0.0,0.0,0.0,0.0,0.0,0.0,0.0,0.0,0.0,0.0,0.0,0.0,false,false,false,false,false,false,false,false,false,false,0.0,0.0,0.0,0.0,0.0,0.0,0.0,0.0,0.0,0.0,0.0,0.0,0.0,0.0,0.0,100
19,"                Empastes",10/28/22,11/2/22,4,50,0.0,,18,1.1.1.2.1.1.1.1.11,,,,,,false,false,false,false,false,false,false,false,false,false,50.0,0.0,0.0,0.0,0.0,0.0,0.0,0.0,0.0,0.0,0.0,0.0,0.0,0.0,0.0,false,false,false,false,false,false,false,false,false,false,0.0,0.0,0.0,0.0,0.0,0.0,0.0,0.0,0.0,0.0,0.0,0.0,0.0,0.0,0.0,100
20,"                Cielo Deptos (Revisar Terminacion)",11/3/22,11/9/22,5,80,0.0,,19,1.1.1.2.1.1.1.1.12,,,,,,false,false,false,false,false,false,false,false,false,false,80.0,0.0,0.0,0.0,0.0,0.0,0.0,0.0,0.0,0.0,0.0,0.0,0.0,0.0,0.0,false,false,false,false,false,false,false,false,false,false,0.0,0.0,0.0,0.0,0.0,0.0,0.0,0.0,0.0,0.0,0.0,0.0,0.0,0.0,0.0,20
21,"                Cielo Baños",11/8/22,11/8/22,1,80,0.0,,14,1.1.1.2.1.1.1.1.13,,,,,,false,false,false,false,false,false,false,false,false,false,80.0,0.0,0.0,0.0,0.0,0.0,0.0,0.0,0.0,0.0,0.0,0.0,0.0,0.0,0.0,false,false,false,false,false,false,false,false,false,false,0.0,0.0,0.0,0.0,0.0,0.0,0.0,0.0,0.0,0.0,0.0,0.0,0.0,0.0,0.0,0
22,"                Fondo Closet",11/3/22,11/7/22,3,0,0.0,,19,1.1.1.2.1.1.1.1.14,,,,,,false,false,false,false,false,false,false,false,false,false,0.0,0.0,0.0,0.0,0.0,0.0,0.0,0.0,0.0,0.0,0.0,0.0,0.0,0.0,0.0,false,false,false,false,false,false,false,false,false,false,0.0,0.0,0.0,0.0,0.0,0.0,0.0,0.0,0.0,0.0,0.0,0.0,0.0,0.0,0.0,"33,33"
23,"                Pintura (Puertas Y Muros S/Rev)",11/10/22,11/14/22,3,0,0.0,,20,1.1.1.2.1.1.1.1.15,,,,,,false,false,false,false,false,false,false,false,false,false,0.0,0.0,0.0,0.0,0.0,0.0,0.0,0.0,0.0,0.0,0.0,0.0,0.0,0.0,0.0,false,false,false,false,false,false,false,false,false,false,0.0,0.0,0.0,0.0,0.0,0.0,0.0,0.0,0.0,0.0,0.0,0.0,0.0,0.0,0.0,0
24,"                Pintura (Cielo Terrazas)",11/1/22,11/3/22,3,0,0.0,,13,1.1.1.2.1.1.1.1.16,,,,,,false,false,false,false,false,false,false,false,false,false,0.0,0.0,0.0,0.0,0.0,0.0,0.0,0.0,0.0,0.0,0.0,0.0,0.0,0.0,0.0,false,false,false,false,false,false,false,false,false,false,0.0,0.0,0.0,0.0,0.0,0.0,0.0,0.0,0.0,0.0,0.0,0.0,0.0,0.0,0.0,100
25,"                Calefon",11/10/22,11/10/22,1,0,0.0,,20,1.1.1.2.1.1.1.1.17,,,,,,false,false,false,false,false,false,false,false,false,false,0.0,0.0,0.0,0.0,0.0,0.0,0.0,0.0,0.0,0.0,0.0,0.0,0.0,0.0,0.0,false,false,false,false,false,false,false,false,false,false,0.0,0.0,0.0,0.0,0.0,0.0,0.0,0.0,0.0,0.0,0.0,0.0,0.0,0.0,0.0,0
26,"                Gabinete Calefon",11/11/22,11/14/22,2,0,0.0,,25,1.1.1.2.1.1.1.1.18,,,,,,false,false,false,false,false,false,false,false,false,false,0.0,0.0,0.0,0.0,0.0,0.0,0.0,0.0,0.0,0.0,0.0,0.0,0.0,0.0,0.0,false,false,false,false,false,false,false,false,false,false,0.0,0.0,0.0,0.0,0.0,0.0,0.0,0.0,0.0,0.0,0.0,0.0,0.0,0.0,0.0,0
27,"              Fase 4",10/26/22,11/24/22,22,2,0.0,,,1.1.1.2.1.1.1.2,,,"#000000",,,false,false,false,false,false,false,false,false,false,false,2.702020202020202,0.0,0.0,0.0,0.0,0.0,0.0,0.0,0.0,0.0,0.0,0.0,0.0,0.0,0.0,false,false,false,false,false,false,false,false,false,false,0.0,0.0,0.0,0.0,0.0,0.0,0.0,0.0,0.0,0.0,0.0,0.0,0.0,0.0,0.0,"21,62"
28,"                Wc",11/1/22,11/1/22,1,0,0.0,,16,1.1.1.2.1.1.1.2.1,,,,,,false,false,false,false,false,false,false,false,false,false,0.0,0.0,0.0,0.0,0.0,0.0,0.0,0.0,0.0,0.0,0.0,0.0,0.0,0.0,0.0,false,false,false,false,false,false,false,false,false,false,0.0,0.0,0.0,0.0,0.0,0.0,0.0,0.0,0.0,0.0,0.0,0.0,0.0,0.0,0.0,100
29,"                Receptaculo",10/26/22,10/26/22,1,100,0.0,,15,1.1.1.2.1.1.1.2.2,,,,,,false,false,false,false,false,false,false,false,false,false,100.0,0.0,0.0,0.0,0.0,0.0,0.0,0.0,0.0,0.0,0.0,0.0,0.0,0.0,0.0,false,false,false,false,false,false,false,false,false,false,0.0,0.0,0.0,0.0,0.0,0.0,0.0,0.0,0.0,0.0,0.0,0.0,0.0,0.0,0.0,100
30,"                Muebles de Baño",11/9/22,11/9/22,1,0,0.0,,21,1.1.1.2.1.1.1.2.3,,,,,,false,false,false,false,false,false,false,false,false,false,0.0,0.0,0.0,0.0,0.0,0.0,0.0,0.0,0.0,0.0,0.0,0.0,0.0,0.0,0.0,false,false,false,false,false,false,false,false,false,false,0.0,0.0,0.0,0.0,0.0,0.0,0.0,0.0,0.0,0.0,0.0,0.0,0.0,0.0,0.0,0
31,"                Espejos",11/10/22,11/11/22,2,0,0.0,,30,1.1.1.2.1.1.1.2.4,,,,,,false,false,false,false,false,false,false,false,false,false,0.0,0.0,0.0,0.0,0.0,0.0,0.0,0.0,0.0,0.0,0.0,0.0,0.0,0.0,0.0,false,false,false,false,false,false,false,false,false,false,0.0,0.0,0.0,0.0,0.0,0.0,0.0,0.0,0.0,0.0,0.0,0.0,0.0,0.0,0.0,0
32,"                Muebles de Cocina",10/26/22,10/31/22,4,0,0.0,,15,1.1.1.2.1.1.1.2.5,,,,,,false,false,false,false,false,false,false,false,false,false,0.0,0.0,0.0,0.0,0.0,0.0,0.0,0.0,0.0,0.0,0.0,0.0,0.0,0.0,0.0,false,false,false,false,false,false,false,false,false,false,0.0,0.0,0.0,0.0,0.0,0.0,0.0,0.0,0.0,0.0,0.0,0.0,0.0,0.0,0.0,100
33,"                Instalacion Cubierta mueble cocina",11/1/22,11/2/22,2,0,0.0,,32,1.1.1.2.1.1.1.2.6,,,,,,false,false,false,false,false,false,false,false,false,false,0.0,0.0,0.0,0.0,0.0,0.0,0.0,0.0,0.0,0.0,0.0,0.0,0.0,0.0,0.0,false,false,false,false,false,false,false,false,false,false,0.0,0.0,0.0,0.0,0.0,0.0,0.0,0.0,0.0,0.0,0.0,0.0,0.0,0.0,0.0,100
34,"                Closet Estructura Interior (Repisas Cajones)",11/8/22,11/10/22,3,0,0.0,,22,1.1.1.2.1.1.1.2.7,,,,,,false,false,false,false,false,false,false,false,false,false,0.0,0.0,0.0,0.0,0.0,0.0,0.0,0.0,0.0,0.0,0.0,0.0,0.0,0.0,0.0,false,false,false,false,false,false,false,false,false,false,0.0,0.0,0.0,0.0,0.0,0.0,0.0,0.0,0.0,0.0,0.0,0.0,0.0,0.0,0.0,0
35,"                Closets Puertas",11/15/22,11/16/22,2,0,0.0,,40,1.1.1.2.1.1.1.2.8,,,,,,false,false,false,false,false,false,false,false,false,false,0.0,0.0,0.0,0.0,0.0,0.0,0.0,0.0,0.0,0.0,0.0,0.0,0.0,0.0,0.0,false,false,false,false,false,false,false,false,false,false,0.0,0.0,0.0,0.0,0.0,0.0,0.0,0.0,0.0,0.0,0.0,0.0,0.0,0.0,0.0,0
36,"                Quincalleria",11/15/22,11/16/22,2,0,0.0,,23,1.1.1.2.1.1.1.2.9,,,,,,false,false,false,false,false,false,false,false,false,false,0.0,0.0,0.0,0.0,0.0,0.0,0.0,0.0,0.0,0.0,0.0,0.0,0.0,0.0,0.0,false,false,false,false,false,false,false,false,false,false,0.0,0.0,0.0,0.0,0.0,0.0,0.0,0.0,0.0,0.0,0.0,0.0,0.0,0.0,0.0,0
37,"                Manpara de Baño",11/9/22,11/10/22,2,0,0.0,,21,1.1.1.2.1.1.1.2.10,,,,,,false,false,false,false,false,false,false,false,false,false,0.0,0.0,0.0,0.0,0.0,0.0,0.0,0.0,0.0,0.0,0.0,0.0,0.0,0.0,0.0,false,false,false,false,false,false,false,false,false,false,0.0,0.0,0.0,0.0,0.0,0.0,0.0,0.0,0.0,0.0,0.0,0.0,0.0,0.0,0.0,0
38,"                Accesorios Baños",11/11/22,11/11/22,1,0,0.0,,37,1.1.1.2.1.1.1.2.11,,,,,,false,false,false,false,false,false,false,false,false,false,0.0,0.0,0.0,0.0,0.0,0.0,0.0,0.0,0.0,0.0,0.0,0.0,0.0,0.0,0.0,false,false,false,false,false,false,false,false,false,false,0.0,0.0,0.0,0.0,0.0,0.0,0.0,0.0,0.0,0.0,0.0,0.0,0.0,0.0,0.0,0
39,"                Griferia",11/10/22,11/14/22,3,0,0.0,,30,1.1.1.2.1.1.1.2.12,,,,,,false,false,false,false,false,false,false,false,false,false,0.0,0.0,0.0,0.0,0.0,0.0,0.0,0.0,0.0,0.0,0.0,0.0,0.0,0.0,0.0,false,false,false,false,false,false,false,false,false,false,0.0,0.0,0.0,0.0,0.0,0.0,0.0,0.0,0.0,0.0,0.0,0.0,0.0,0.0,0.0,0
40,"                Piso Vinilico",11/10/22,11/14/22,3,0,0.0,,20,1.1.1.2.1.1.1.2.13,,,,,,false,false,false,false,false,false,false,false,false,false,0.0,0.0,0.0,0.0,0.0,0.0,0.0,0.0,0.0,0.0,0.0,0.0,0.0,0.0,0.0,false,false,false,false,false,false,false,false,false,false,0.0,0.0,0.0,0.0,0.0,0.0,0.0,0.0,0.0,0.0,0.0,0.0,0.0,0.0,0.0,0
41,"                Guardapolvos",11/15/22,11/16/22,2,0,0.0,,40,1.1.1.2.1.1.1.2.14,,,,,,false,false,false,false,false,false,false,false,false,false,0.0,0.0,0.0,0.0,0.0,0.0,0.0,0.0,0.0,0.0,0.0,0.0,0.0,0.0,0.0,false,false,false,false,false,false,false,false,false,false,0.0,0.0,0.0,0.0,0.0,0.0,0.0,0.0,0.0,0.0,0.0,0.0,0.0,0.0,0.0,0
42,"                Sello Papel Mural",11/15/22,11/16/22,2,0,0.0,,23,1.1.1.2.1.1.1.2.15,,,,,,false,false,false,false,false,false,false,false,false,false,0.0,0.0,0.0,0.0,0.0,0.0,0.0,0.0,0.0,0.0,0.0,0.0,0.0,0.0,0.0,false,false,false,false,false,false,false,false,false,false,0.0,0.0,0.0,0.0,0.0,0.0,0.0,0.0,0.0,0.0,0.0,0.0,0.0,0.0,0.0,0
43,"                Papel Mural",11/17/22,11/18/22,2,0,0.0,,42,1.1.1.2.1.1.1.2.16,,,,,,false,false,false,false,false,false,false,false,false,false,0.0,0.0,0.0,0.0,0.0,0.0,0.0,0.0,0.0,0.0,0.0,0.0,0.0,0.0,0.0,false,false,false,false,false,false,false,false,false,false,0.0,0.0,0.0,0.0,0.0,0.0,0.0,0.0,0.0,0.0,0.0,0.0,0.0,0.0,0.0,0
44,"                Equipamiento de Cocina (Horno, Campana y Ecimera)",11/21/22,11/22/22,2,0,0.0,,43,1.1.1.2.1.1.1.2.17,,,,,,false,false,false,false,false,false,false,false,false,false,0.0,0.0,0.0,0.0,0.0,0.0,0.0,0.0,0.0,0.0,0.0,0.0,0.0,0.0,0.0,false,false,false,false,false,false,false,false,false,false,0.0,0.0,0.0,0.0,0.0,0.0,0.0,0.0,0.0,0.0,0.0,0.0,0.0,0.0,0.0,0
45,"                Aseo",11/23/22,11/23/22,1,0,0.0,,44,1.1.1.2.1.1.1.2.18,,,,,,false,false,false,false,false,false,false,false,false,false,0.0,0.0,0.0,0.0,0.0,0.0,0.0,0.0,0.0,0.0,0.0,0.0,0.0,0.0,0.0,false,false,false,false,false,false,false,false,false,false,0.0,0.0,0.0,0.0,0.0,0.0,0.0,0.0,0.0,0.0,0.0,0.0,0.0,0.0,0.0,0
46,"                R1",11/24/22,11/24/22,1,0,0.0,,45,1.1.1.2.1.1.1.2.19,,,,,,false,false,false,false,false,false,false,false,false,false,0.0,0.0,0.0,0.0,0.0,0.0,0.0,0.0,0.0,0.0,0.0,0.0,0.0,0.0,0.0,false,false,false,false,false,false,false,false,false,false,0.0,0.0,0.0,0.0,0.0,0.0,0.0,0.0,0.0,0.0,0.0,0.0,0.0,0.0,0.0,0
47,"            Departamento 206",10/27/22,11/28/22,23,19,0.0,,,1.1.1.2.1.1.2,,,"#000000",,,false,false,false,false,false,false,false,false,false,false,19.524959742351047,0.0,0.0,0.0,0.0,0.0,0.0,0.0,0.0,0.0,0.0,0.0,0.0,0.0,0.0,false,false,false,false,false,false,false,false,false,false,0.0,0.0,0.0,0.0,0.0,0.0,0.0,0.0,0.0,0.0,0.0,0.0,0.0,0.0,0.0,"29,76"
48,"              Fase 3",10/27/22,11/16/22,15,30,0.0,,,1.1.1.2.1.1.2.1,,,"#000000",,,false,false,false,false,false,false,false,false,false,false,30.20987654320988,0.0,0.0,0.0,0.0,0.0,0.0,0.0,0.0,0.0,0.0,0.0,0.0,0.0,0.0,false,false,false,false,false,false,false,false,false,false,0.0,0.0,0.0,0.0,0.0,0.0,0.0,0.0,0.0,0.0,0.0,0.0,0.0,0.0,0.0,0
49,"                Maquillaje Terrazas (Antepechos,Cielos, Muros sin Eifs, Cielos)",10/27/22,10/31/22,3,100,0.0,,9,1.1.1.2.1.1.2.1.1,,,,,,false,false,false,false,false,false,false,false,false,false,100.0,0.0,0.0,0.0,0.0,0.0,0.0,0.0,0.0,0.0,0.0,0.0,0.0,0.0,0.0,false,false,false,false,false,false,false,false,false,false,0.0,0.0,0.0,0.0,0.0,0.0,0.0,0.0,0.0,0.0,0.0,0.0,0.0,0.0,0.0,0
50,"                Remate Ventanas",10/27/22,10/28/22,2,100,0.0,,49-SS,1.1.1.2.1.1.2.1.2,,,,,,false,false,false,false,false,false,false,false,false,false,100.0,0.0,0.0,0.0,0.0,0.0,0.0,0.0,0.0,0.0,0.0,0.0,0.0,0.0,0.0,false,false,false,false,false,false,false,false,false,false,0.0,0.0,0.0,0.0,0.0,0.0,0.0,0.0,0.0,0.0,0.0,0.0,0.0,0.0,0.0,0
51,"                Barandas Vidriadas instalacion Banquina Aluminio",11/9/22,11/11/22,3,0,0.0,,64,1.1.1.2.1.1.2.1.3,,,,,,false,false,false,false,false,false,false,false,false,false,0.0,0.0,0.0,0.0,0.0,0.0,0.0,0.0,0.0,0.0,0.0,0.0,0.0,0.0,0.0,false,false,false,false,false,false,false,false,false,false,0.0,0.0,0.0,0.0,0.0,0.0,0.0,0.0,0.0,0.0,0.0,0.0,0.0,0.0,0.0,0
52,"                Barandas Vidriadas Instalacion Cristal",11/14/22,11/16/22,3,0,0.0,,51,1.1.1.2.1.1.2.1.4,,,,,,false,false,false,false,false,false,false,false,false,false,0.0,0.0,0.0,0.0,0.0,0.0,0.0,0.0,0.0,0.0,0.0,0.0,0.0,0.0,0.0,false,false,false,false,false,false,false,false,false,false,0.0,0.0,0.0,0.0,0.0,0.0,0.0,0.0,0.0,0.0,0.0,0.0,0.0,0.0,0.0,0
53,"                Cortagoteras terrazas",11/1/22,11/3/22,3,0,0.0,,49,1.1.1.2.1.1.2.1.5,,,,,,false,false,false,false,false,false,false,false,false,false,0.0,0.0,0.0,0.0,0.0,0.0,0.0,0.0,0.0,0.0,0.0,0.0,0.0,0.0,0.0,false,false,false,false,false,false,false,false,false,false,0.0,0.0,0.0,0.0,0.0,0.0,0.0,0.0,0.0,0.0,0.0,0.0,0.0,0.0,0.0,0
54,"                Canteria Baños",11/4/22,11/10/22,5,0,0.0,,56,1.1.1.2.1.1.2.1.6,,,,,,false,false,false,false,false,false,false,false,false,false,0.0,0.0,0.0,0.0,0.0,0.0,0.0,0.0,0.0,0.0,0.0,0.0,0.0,0.0,0.0,false,false,false,false,false,false,false,false,false,false,0.0,0.0,0.0,0.0,0.0,0.0,0.0,0.0,0.0,0.0,0.0,0.0,0.0,0.0,0.0,0
55,"                Ceramica piso",10/27/22,10/28/22,2,80,0.0,,50-SS,1.1.1.2.1.1.2.1.7,,,,,,false,false,false,false,false,false,false,false,false,false,80.0,0.0,0.0,0.0,0.0,0.0,0.0,0.0,0.0,0.0,0.0,0.0,0.0,0.0,0.0,false,false,false,false,false,false,false,false,false,false,0.0,0.0,0.0,0.0,0.0,0.0,0.0,0.0,0.0,0.0,0.0,0.0,0.0,0.0,0.0,0
56,"                Ceramica Muro (Baño)",11/1/22,11/3/22,3,90,0.0,,68,1.1.1.2.1.1.2.1.8,,,,,,false,false,false,false,false,false,false,false,false,false,90.0,0.0,0.0,0.0,0.0,0.0,0.0,0.0,0.0,0.0,0.0,0.0,0.0,0.0,0.0,false,false,false,false,false,false,false,false,false,false,0.0,0.0,0.0,0.0,0.0,0.0,0.0,0.0,0.0,0.0,0.0,0.0,0.0,0.0,0.0,0
57,"                Ceramica Muro (Cocina)",11/8/22,11/8/22,1,100,0.0,,72,1.1.1.2.1.1.2.1.9,,,,,,false,false,false,false,false,false,false,false,false,false,100.0,0.0,0.0,0.0,0.0,0.0,0.0,0.0,0.0,0.0,0.0,0.0,0.0,0.0,0.0,false,false,false,false,false,false,false,false,false,false,0.0,0.0,0.0,0.0,0.0,0.0,0.0,0.0,0.0,0.0,0.0,0.0,0.0,0.0,0.0,0
58,"                Cornisas",10/31/22,11/1/22,2,70,0.0,,50,1.1.1.2.1.1.2.1.10,,,,,,false,false,false,false,false,false,false,false,false,false,70.0,0.0,0.0,0.0,0.0,0.0,0.0,0.0,0.0,0.0,0.0,0.0,0.0,0.0,0.0,false,false,false,false,false,false,false,false,false,false,0.0,0.0,0.0,0.0,0.0,0.0,0.0,0.0,0.0,0.0,0.0,0.0,0.0,0.0,0.0,0
59,"                Empastes",11/1/22,11/4/22,4,50,0.0,,58-SS=P1D,1.1.1.2.1.1.2.1.11,,,,,,false,false,false,false,false,false,false,false,false,false,50.0,0.0,0.0,0.0,0.0,0.0,0.0,0.0,0.0,0.0,0.0,0.0,0.0,0.0,0.0,false,false,false,false,false,false,false,false,false,false,0.0,0.0,0.0,0.0,0.0,0.0,0.0,0.0,0.0,0.0,0.0,0.0,0.0,0.0,0.0,0
60,"                Cielo Deptos (Revisar Terminacion)",11/7/22,11/11/22,5,0,0.0,,59,1.1.1.2.1.1.2.1.12,,,,,,false,false,false,false,false,false,false,false,false,false,0.0,0.0,0.0,0.0,0.0,0.0,0.0,0.0,0.0,0.0,0.0,0.0,0.0,0.0,0.0,false,false,false,false,false,false,false,false,false,false,0.0,0.0,0.0,0.0,0.0,0.0,0.0,0.0,0.0,0.0,0.0,0.0,0.0,0.0,0.0,0
61,"                Cielo Baños",11/11/22,11/11/22,1,50,0.0,,54,1.1.1.2.1.1.2.1.13,,,,,,false,false,false,false,false,false,false,false,false,false,50.0,0.0,0.0,0.0,0.0,0.0,0.0,0.0,0.0,0.0,0.0,0.0,0.0,0.0,0.0,false,false,false,false,false,false,false,false,false,false,0.0,0.0,0.0,0.0,0.0,0.0,0.0,0.0,0.0,0.0,0.0,0.0,0.0,0.0,0.0,0
62,"                Fondo Closet",11/7/22,11/9/22,3,0,0.0,,59,1.1.1.2.1.1.2.1.14,,,,,,false,false,false,false,false,false,false,false,false,false,0.0,0.0,0.0,0.0,0.0,0.0,0.0,0.0,0.0,0.0,0.0,0.0,0.0,0.0,0.0,false,false,false,false,false,false,false,false,false,false,0.0,0.0,0.0,0.0,0.0,0.0,0.0,0.0,0.0,0.0,0.0,0.0,0.0,0.0,0.0,0
63,"                Pintura (Puertas Y Muros S/Rev)",11/14/22,11/16/22,3,0,0.0,,60,1.1.1.2.1.1.2.1.15,,,,,,false,false,false,false,false,false,false,false,false,false,0.0,0.0,0.0,0.0,0.0,0.0,0.0,0.0,0.0,0.0,0.0,0.0,0.0,0.0,0.0,false,false,false,false,false,false,false,false,false,false,0.0,0.0,0.0,0.0,0.0,0.0,0.0,0.0,0.0,0.0,0.0,0.0,0.0,0.0,0.0,0
64,"                Pintura (Cielo Terrazas)",11/4/22,11/8/22,3,0,0.0,,53,1.1.1.2.1.1.2.1.16,,,,,,false,false,false,false,false,false,false,false,false,false,0.0,0.0,0.0,0.0,0.0,0.0,0.0,0.0,0.0,0.0,0.0,0.0,0.0,0.0,0.0,false,false,false,false,false,false,false,false,false,false,0.0,0.0,0.0,0.0,0.0,0.0,0.0,0.0,0.0,0.0,0.0,0.0,0.0,0.0,0.0,0
65,"                Calefon",10/31/22,10/31/22,1,0,0.0,,55,1.1.1.2.1.1.2.1.17,,,,,,false,false,false,false,false,false,false,false,false,false,0.0,0.0,0.0,0.0,0.0,0.0,0.0,0.0,0.0,0.0,0.0,0.0,0.0,0.0,0.0,false,false,false,false,false,false,false,false,false,false,0.0,0.0,0.0,0.0,0.0,0.0,0.0,0.0,0.0,0.0,0.0,0.0,0.0,0.0,0.0,0
66,"              Fase 4",10/31/22,11/28/22,21,5,0.0,,,1.1.1.2.1.1.2.2,,,"#000000",,,false,false,false,false,false,false,false,false,false,false,5.943562610229277,0.0,0.0,0.0,0.0,0.0,0.0,0.0,0.0,0.0,0.0,0.0,0.0,0.0,0.0,false,false,false,false,false,false,false,false,false,false,0.0,0.0,0.0,0.0,0.0,0.0,0.0,0.0,0.0,0.0,0.0,0.0,0.0,0.0,0.0,0
67,"                Wc",10/31/22,10/31/22,1,0,0.0,,55,1.1.1.2.1.1.2.2.1,,,,,,false,false,false,false,false,false,false,false,false,false,0.0,0.0,0.0,0.0,0.0,0.0,0.0,0.0,0.0,0.0,0.0,0.0,0.0,0.0,0.0,false,false,false,false,false,false,false,false,false,false,0.0,0.0,0.0,0.0,0.0,0.0,0.0,0.0,0.0,0.0,0.0,0.0,0.0,0.0,0.0,0
68,"                Receptaculo",10/31/22,10/31/22,1,100,0.0,,55,1.1.1.2.1.1.2.2.2,,,,,,false,false,false,false,false,false,false,false,false,false,100.0,0.0,0.0,0.0,0.0,0.0,0.0,0.0,0.0,0.0,0.0,0.0,0.0,0.0,0.0,false,false,false,false,false,false,false,false,false,false,0.0,0.0,0.0,0.0,0.0,0.0,0.0,0.0,0.0,0.0,0.0,0.0,0.0,0.0,0.0,0
69,"                Muebles de Baño",11/14/22,11/14/22,1,0,0.0,,61,1.1.1.2.1.1.2.2.3,,,,,,false,false,false,false,false,false,false,false,false,false,0.0,0.0,0.0,0.0,0.0,0.0,0.0,0.0,0.0,0.0,0.0,0.0,0.0,0.0,0.0,false,false,false,false,false,false,false,false,false,false,0.0,0.0,0.0,0.0,0.0,0.0,0.0,0.0,0.0,0.0,0.0,0.0,0.0,0.0,0.0,0
70,"                Espejos",11/15/22,11/16/22,2,0,0.0,,69,1.1.1.2.1.1.2.2.4,,,,,,false,false,false,false,false,false,false,false,false,false,0.0,0.0,0.0,0.0,0.0,0.0,0.0,0.0,0.0,0.0,0.0,0.0,0.0,0.0,0.0,false,false,false,false,false,false,false,false,false,false,0.0,0.0,0.0,0.0,0.0,0.0,0.0,0.0,0.0,0.0,0.0,0.0,0.0,0.0,0.0,0
71,"                Muebles de Cocina",10/31/22,11/3/22,4,0,0.0,,55,1.1.1.2.1.1.2.2.5,,,,,,false,false,false,false,false,false,false,false,false,false,0.0,0.0,0.0,0.0,0.0,0.0,0.0,0.0,0.0,0.0,0.0,0.0,0.0,0.0,0.0,false,false,false,false,false,false,false,false,false,false,0.0,0.0,0.0,0.0,0.0,0.0,0.0,0.0,0.0,0.0,0.0,0.0,0.0,0.0,0.0,0
72,"                Instalacion Cubierta mueble cocina",11/4/22,11/7/22,2,0,0.0,,71,1.1.1.2.1.1.2.2.6,,,,,,false,false,false,false,false,false,false,false,false,false,0.0,0.0,0.0,0.0,0.0,0.0,0.0,0.0,0.0,0.0,0.0,0.0,0.0,0.0,0.0,false,false,false,false,false,false,false,false,false,false,0.0,0.0,0.0,0.0,0.0,0.0,0.0,0.0,0.0,0.0,0.0,0.0,0.0,0.0,0.0,0
73,"                Closet Estructura Interior (Repisas Cajones)",11/10/22,11/14/22,3,0,0.0,,62,1.1.1.2.1.1.2.2.7,,,,,,false,false,false,false,false,false,false,false,false,false,0.0,0.0,0.0,0.0,0.0,0.0,0.0,0.0,0.0,0.0,0.0,0.0,0.0,0.0,0.0,false,false,false,false,false,false,false,false,false,false,0.0,0.0,0.0,0.0,0.0,0.0,0.0,0.0,0.0,0.0,0.0,0.0,0.0,0.0,0.0,0
74,"                Closets Puertas",11/17/22,11/18/22,2,0,0.0,,79,1.1.1.2.1.1.2.2.8,,,,,,false,false,false,false,false,false,false,false,false,false,0.0,0.0,0.0,0.0,0.0,0.0,0.0,0.0,0.0,0.0,0.0,0.0,0.0,0.0,0.0,false,false,false,false,false,false,false,false,false,false,0.0,0.0,0.0,0.0,0.0,0.0,0.0,0.0,0.0,0.0,0.0,0.0,0.0,0.0,0.0,0
75,"                Quincalleria",11/17/22,11/18/22,2,0,0.0,,63,1.1.1.2.1.1.2.2.9,,,,,,false,false,false,false,false,false,false,false,false,false,0.0,0.0,0.0,0.0,0.0,0.0,0.0,0.0,0.0,0.0,0.0,0.0,0.0,0.0,0.0,false,false,false,false,false,false,false,false,false,false,0.0,0.0,0.0,0.0,0.0,0.0,0.0,0.0,0.0,0.0,0.0,0.0,0.0,0.0,0.0,0
76,"                Manpara de Baño",11/14/22,11/15/22,2,0,0.0,,61,1.1.1.2.1.1.2.2.10,,,,,,false,false,false,false,false,false,false,false,false,false,0.0,0.0,0.0,0.0,0.0,0.0,0.0,0.0,0.0,0.0,0.0,0.0,0.0,0.0,0.0,false,false,false,false,false,false,false,false,false,false,0.0,0.0,0.0,0.0,0.0,0.0,0.0,0.0,0.0,0.0,0.0,0.0,0.0,0.0,0.0,0
77,"                Accesorios Baños",11/16/22,11/16/22,1,0,0.0,,76,1.1.1.2.1.1.2.2.11,,,,,,false,false,false,false,false,false,false,false,false,false,0.0,0.0,0.0,0.0,0.0,0.0,0.0,0.0,0.0,0.0,0.0,0.0,0.0,0.0,0.0,false,false,false,false,false,false,false,false,false,false,0.0,0.0,0.0,0.0,0.0,0.0,0.0,0.0,0.0,0.0,0.0,0.0,0.0,0.0,0.0,0
78,"                Griferia",11/15/22,11/17/22,3,0,0.0,,69,1.1.1.2.1.1.2.2.12,,,,,,false,false,false,false,false,false,false,false,false,false,0.0,0.0,0.0,0.0,0.0,0.0,0.0,0.0,0.0,0.0,0.0,0.0,0.0,0.0,0.0,false,false,false,false,false,false,false,false,false,false,0.0,0.0,0.0,0.0,0.0,0.0,0.0,0.0,0.0,0.0,0.0,0.0,0.0,0.0,0.0,0
79,"                Piso Vinilico",11/14/22,11/16/22,3,0,0.0,,60,1.1.1.2.1.1.2.2.13,,,,,,false,false,false,false,false,false,false,false,false,false,0.0,0.0,0.0,0.0,0.0,0.0,0.0,0.0,0.0,0.0,0.0,0.0,0.0,0.0,0.0,false,false,false,false,false,false,false,false,false,false,0.0,0.0,0.0,0.0,0.0,0.0,0.0,0.0,0.0,0.0,0.0,0.0,0.0,0.0,0.0,0
80,"                Guardapolvos",11/17/22,11/18/22,2,0,0.0,,79,1.1.1.2.1.1.2.2.14,,,,,,false,false,false,false,false,false,false,false,false,false,0.0,0.0,0.0,0.0,0.0,0.0,0.0,0.0,0.0,0.0,0.0,0.0,0.0,0.0,0.0,false,false,false,false,false,false,false,false,false,false,0.0,0.0,0.0,0.0,0.0,0.0,0.0,0.0,0.0,0.0,0.0,0.0,0.0,0.0,0.0,0
81,"                Sello Papel Mural",11/21/22,11/22/22,2,0,0.0,,80,1.1.1.2.1.1.2.2.15,,,,,,false,false,false,false,false,false,false,false,false,false,0.0,0.0,0.0,0.0,0.0,0.0,0.0,0.0,0.0,0.0,0.0,0.0,0.0,0.0,0.0,false,false,false,false,false,false,false,false,false,false,0.0,0.0,0.0,0.0,0.0,0.0,0.0,0.0,0.0,0.0,0.0,0.0,0.0,0.0,0.0,0
82,"                Papel Mural",11/23/22,11/24/22,2,60,0.0,,81,1.1.1.2.1.1.2.2.16,,,,,,false,false,false,false,false,false,false,false,false,false,60.0,0.0,0.0,0.0,0.0,0.0,0.0,0.0,0.0,0.0,0.0,0.0,0.0,0.0,0.0,false,false,false,false,false,false,false,false,false,false,0.0,0.0,0.0,0.0,0.0,0.0,0.0,0.0,0.0,0.0,0.0,0.0,0.0,0.0,0.0,0
83,"                Equipamiento de Cocina (Horno, Campana y Ecimera)",11/4/22,11/7/22,2,0,0.0,,71,1.1.1.2.1.1.2.2.17,,,,,,false,false,false,false,false,false,false,false,false,false,0.0,0.0,0.0,0.0,0.0,0.0,0.0,0.0,0.0,0.0,0.0,0.0,0.0,0.0,0.0,false,false,false,false,false,false,false,false,false,false,0.0,0.0,0.0,0.0,0.0,0.0,0.0,0.0,0.0,0.0,0.0,0.0,0.0,0.0,0.0,0
84,"                Aseo",11/25/22,11/25/22,1,0,0.0,,82,1.1.1.2.1.1.2.2.18,,,,,,false,false,false,false,false,false,false,false,false,false,0.0,0.0,0.0,0.0,0.0,0.0,0.0,0.0,0.0,0.0,0.0,0.0,0.0,0.0,0.0,false,false,false,false,false,false,false,false,false,false,0.0,0.0,0.0,0.0,0.0,0.0,0.0,0.0,0.0,0.0,0.0,0.0,0.0,0.0,0.0,0
85,"                R1",11/28/22,11/28/22,1,0,0.0,,84,1.1.1.2.1.1.2.2.19,,,,,,false,false,false,false,false,false,false,false,false,false,0.0,0.0,0.0,0.0,0.0,0.0,0.0,0.0,0.0,0.0,0.0,0.0,0.0,0.0,0.0,false,false,false,false,false,false,false,false,false,false,0.0,0.0,0.0,0.0,0.0,0.0,0.0,0.0,0.0,0.0,0.0,0.0,0.0,0.0,0.0,0
86,"            Departamento 207",11/1/22,12/2/22,24,22,0.0,,,1.1.1.2.1.1.3,,,"#000000",,,false,false,false,false,false,false,false,false,false,false,22.09104938271605,0.0,0.0,0.0,0.0,0.0,0.0,0.0,0.0,0.0,0.0,0.0,0.0,0.0,0.0,false,false,false,false,false,false,false,false,false,false,0.0,0.0,0.0,0.0,0.0,0.0,0.0,0.0,0.0,0.0,0.0,0.0,0.0,0.0,0.0,"8,14"
87,"              Fase 3",11/1/22,11/24/22,18,36,0.0,,,1.1.1.2.1.1.3.1,,,"#000000",,,false,false,false,false,false,false,false,false,false,false,36.73868312757202,0.0,0.0,0.0,0.0,0.0,0.0,0.0,0.0,0.0,0.0,0.0,0.0,0.0,0.0,false,false,false,false,false,false,false,false,false,false,0.0,0.0,0.0,0.0,0.0,0.0,0.0,0.0,0.0,0.0,0.0,0.0,0.0,0.0,0.0,0
88,"                Maquillaje Terrazas (Antepechos,Cielos, Muros sin Eifs, Cielos)",11/1/22,11/3/22,3,100,0.0,,49,1.1.1.2.1.1.3.1.1,,,,,,false,false,false,false,false,false,false,false,false,false,100.0,0.0,0.0,0.0,0.0,0.0,0.0,0.0,0.0,0.0,0.0,0.0,0.0,0.0,0.0,false,false,false,false,false,false,false,false,false,false,0.0,0.0,0.0,0.0,0.0,0.0,0.0,0.0,0.0,0.0,0.0,0.0,0.0,0.0,0.0,0
89,"                Remate Ventanas",11/1/22,11/2/22,2,100,0.0,,88-SS,1.1.1.2.1.1.3.1.2,,,,,,false,false,false,false,false,false,false,false,false,false,100.0,0.0,0.0,0.0,0.0,0.0,0.0,0.0,0.0,0.0,0.0,0.0,0.0,0.0,0.0,false,false,false,false,false,false,false,false,false,false,0.0,0.0,0.0,0.0,0.0,0.0,0.0,0.0,0.0,0.0,0.0,0.0,0.0,0.0,0.0,0
90,"                Barandas Vidriadas instalacion Banquina Aluminio",11/17/22,11/21/22,3,0,0.0,,105,1.1.1.2.1.1.3.1.3,,,,,,false,false,false,false,false,false,false,false,false,false,0.0,0.0,0.0,0.0,0.0,0.0,0.0,0.0,0.0,0.0,0.0,0.0,0.0,0.0,0.0,false,false,false,false,false,false,false,false,false,false,0.0,0.0,0.0,0.0,0.0,0.0,0.0,0.0,0.0,0.0,0.0,0.0,0.0,0.0,0.0,0
91,"                Barandas Vidriadas Instalacion Cristal",11/22/22,11/24/22,3,0,0.0,,90,1.1.1.2.1.1.3.1.4,,,,,,false,false,false,false,false,false,false,false,false,false,0.0,0.0,0.0,0.0,0.0,0.0,0.0,0.0,0.0,0.0,0.0,0.0,0.0,0.0,0.0,false,false,false,false,false,false,false,false,false,false,0.0,0.0,0.0,0.0,0.0,0.0,0.0,0.0,0.0,0.0,0.0,0.0,0.0,0.0,0.0,0
92,"                Cortagoteras terrazas",11/4/22,11/8/22,3,0,0.0,,88,1.1.1.2.1.1.3.1.5,,,,,,false,false,false,false,false,false,false,false,false,false,0.0,0.0,0.0,0.0,0.0,0.0,0.0,0.0,0.0,0.0,0.0,0.0,0.0,0.0,0.0,false,false,false,false,false,false,false,false,false,false,0.0,0.0,0.0,0.0,0.0,0.0,0.0,0.0,0.0,0.0,0.0,0.0,0.0,0.0,0.0,0
93,"                Canteria Baños",11/11/22,11/17/22,5,100,0.0,,95,1.1.1.2.1.1.3.1.6,,,,,,false,false,false,false,false,false,false,false,false,false,100.0,0.0,0.0,0.0,0.0,0.0,0.0,0.0,0.0,0.0,0.0,0.0,0.0,0.0,0.0,false,false,false,false,false,false,false,false,false,false,0.0,0.0,0.0,0.0,0.0,0.0,0.0,0.0,0.0,0.0,0.0,0.0,0.0,0.0,0.0,0
94,"                Ceramica piso",11/3/22,11/4/22,2,100,0.0,,89,1.1.1.2.1.1.3.1.7,,,,,,false,false,false,false,false,false,false,false,false,false,100.0,0.0,0.0,0.0,0.0,0.0,0.0,0.0,0.0,0.0,0.0,0.0,0.0,0.0,0.0,false,false,false,false,false,false,false,false,false,false,0.0,0.0,0.0,0.0,0.0,0.0,0.0,0.0,0.0,0.0,0.0,0.0,0.0,0.0,0.0,0
95,"                Ceramica Muro (Baño)",11/8/22,11/10/22,3,80,0.0,,108,1.1.1.2.1.1.3.1.8,,,,,,false,false,false,false,false,false,false,false,false,false,80.0,0.0,0.0,0.0,0.0,0.0,0.0,0.0,0.0,0.0,0.0,0.0,0.0,0.0,0.0,false,false,false,false,false,false,false,false,false,false,0.0,0.0,0.0,0.0,0.0,0.0,0.0,0.0,0.0,0.0,0.0,0.0,0.0,0.0,0.0,0
96,"                Ceramica Muro (Cocina)",11/11/22,11/11/22,1,0,0.0,,111,1.1.1.2.1.1.3.1.9,,,,,,false,false,false,false,false,false,false,false,false,false,0.0,0.0,0.0,0.0,0.0,0.0,0.0,0.0,0.0,0.0,0.0,0.0,0.0,0.0,0.0,false,false,false,false,false,false,false,false,false,false,0.0,0.0,0.0,0.0,0.0,0.0,0.0,0.0,0.0,0.0,0.0,0.0,0.0,0.0,0.0,0
97,"                Cornisas",11/3/22,11/4/22,2,60,0.0,,89,1.1.1.2.1.1.3.1.10,,,,,,false,false,false,false,false,false,false,false,false,false,60.0,0.0,0.0,0.0,0.0,0.0,0.0,0.0,0.0,0.0,0.0,0.0,0.0,0.0,0.0,false,false,false,false,false,false,false,false,false,false,0.0,0.0,0.0,0.0,0.0,0.0,0.0,0.0,0.0,0.0,0.0,0.0,0.0,0.0,0.0,0
98,"                Empastes",11/7/22,11/10/22,4,60,0.0,,97,1.1.1.2.1.1.3.1.11,,,,,,false,false,false,false,false,false,false,false,false,false,60.0,0.0,0.0,0.0,0.0,0.0,0.0,0.0,0.0,0.0,0.0,0.0,0.0,0.0,0.0,false,false,false,false,false,false,false,false,false,false,0.0,0.0,0.0,0.0,0.0,0.0,0.0,0.0,0.0,0.0,0.0,0.0,0.0,0.0,0.0,0
99,"                Cielo Deptos (Revisar Terminacion)",11/11/22,11/17/22,5,0,0.0,,98,1.1.1.2.1.1.3.1.12,,,,,,false,false,false,false,false,false,false,false,false,false,0.0,0.0,0.0,0.0,0.0,0.0,0.0,0.0,0.0,0.0,0.0,0.0,0.0,0.0,0.0,false,false,false,false,false,false,false,false,false,false,0.0,0.0,0.0,0.0,0.0,0.0,0.0,0.0,0.0,0.0,0.0,0.0,0.0,0.0,0.0,0
100,"                Cielo Baños",11/18/22,11/18/22,1,0,0.0,,93,1.1.1.2.1.1.3.1.13,,,,,,false,false,false,false,false,false,false,false,false,false,0.0,0.0,0.0,0.0,0.0,0.0,0.0,0.0,0.0,0.0,0.0,0.0,0.0,0.0,0.0,false,false,false,false,false,false,false,false,false,false,0.0,0.0,0.0,0.0,0.0,0.0,0.0,0.0,0.0,0.0,0.0,0.0,0.0,0.0,0.0,0
101,"                Fondo Closet",11/11/22,11/15/22,3,0,0.0,,98,1.1.1.2.1.1.3.1.14,,,,,,false,false,false,false,false,false,false,false,false,false,0.0,0.0,0.0,0.0,0.0,0.0,0.0,0.0,0.0,0.0,0.0,0.0,0.0,0.0,0.0,false,false,false,false,false,false,false,false,false,false,0.0,0.0,0.0,0.0,0.0,0.0,0.0,0.0,0.0,0.0,0.0,0.0,0.0,0.0,0.0,0
102,"                Pintura (Puertas Y Muros S/Rev)",11/18/22,11/22/22,3,0,0.0,,99,1.1.1.2.1.1.3.1.15,,,,,,false,false,false,false,false,false,false,false,false,false,0.0,0.0,0.0,0.0,0.0,0.0,0.0,0.0,0.0,0.0,0.0,0.0,0.0,0.0,0.0,false,false,false,false,false,false,false,false,false,false,0.0,0.0,0.0,0.0,0.0,0.0,0.0,0.0,0.0,0.0,0.0,0.0,0.0,0.0,0.0,0
103,"                Pintura (Cielo Terrazas)",11/9/22,11/11/22,3,0,0.0,,92,1.1.1.2.1.1.3.1.16,,,,,,false,false,false,false,false,false,false,false,false,false,0.0,0.0,0.0,0.0,0.0,0.0,0.0,0.0,0.0,0.0,0.0,0.0,0.0,0.0,0.0,false,false,false,false,false,false,false,false,false,false,0.0,0.0,0.0,0.0,0.0,0.0,0.0,0.0,0.0,0.0,0.0,0.0,0.0,0.0,0.0,0
104,"                Calefon",11/14/22,11/14/22,1,0,0.0,,103,1.1.1.2.1.1.3.1.17,,,,,,false,false,false,false,false,false,false,false,false,false,0.0,0.0,0.0,0.0,0.0,0.0,0.0,0.0,0.0,0.0,0.0,0.0,0.0,0.0,0.0,false,false,false,false,false,false,false,false,false,false,0.0,0.0,0.0,0.0,0.0,0.0,0.0,0.0,0.0,0.0,0.0,0.0,0.0,0.0,0.0,0
105,"                Gabinete Calefon",11/15/22,11/16/22,2,0,0.0,,104,1.1.1.2.1.1.3.1.18,,,,,,false,false,false,false,false,false,false,false,false,false,0.0,0.0,0.0,0.0,0.0,0.0,0.0,0.0,0.0,0.0,0.0,0.0,0.0,0.0,0.0,false,false,false,false,false,false,false,false,false,false,0.0,0.0,0.0,0.0,0.0,0.0,0.0,0.0,0.0,0.0,0.0,0.0,0.0,0.0,0.0,0
106,"              Fase 4",11/7/22,12/2/22,20,2,0.0,,,1.1.1.2.1.1.3.2,,,"#000000",,,false,false,false,false,false,false,false,false,false,false,2.7037037037037037,0.0,0.0,0.0,0.0,0.0,0.0,0.0,0.0,0.0,0.0,0.0,0.0,0.0,0.0,false,false,false,false,false,false,false,false,false,false,0.0,0.0,0.0,0.0,0.0,0.0,0.0,0.0,0.0,0.0,0.0,0.0,0.0,0.0,0.0,0
107,"                Wc",11/7/22,11/7/22,1,0,0.0,,94,1.1.1.2.1.1.3.2.1,,,,,,false,false,false,false,false,false,false,false,false,false,0.0,0.0,0.0,0.0,0.0,0.0,0.0,0.0,0.0,0.0,0.0,0.0,0.0,0.0,0.0,false,false,false,false,false,false,false,false,false,false,0.0,0.0,0.0,0.0,0.0,0.0,0.0,0.0,0.0,0.0,0.0,0.0,0.0,0.0,0.0,0
108,"                Receptaculo",11/7/22,11/7/22,1,100,0.0,,94,1.1.1.2.1.1.3.2.2,,,,,,false,false,false,false,false,false,false,false,false,false,100.0,0.0,0.0,0.0,0.0,0.0,0.0,0.0,0.0,0.0,0.0,0.0,0.0,0.0,0.0,false,false,false,false,false,false,false,false,false,false,0.0,0.0,0.0,0.0,0.0,0.0,0.0,0.0,0.0,0.0,0.0,0.0,0.0,0.0,0.0,0
109,"                Muebles de Baño",11/21/22,11/21/22,1,0,0.0,,100,1.1.1.2.1.1.3.2.3,,,,,,false,false,false,false,false,false,false,false,false,false,0.0,0.0,0.0,0.0,0.0,0.0,0.0,0.0,0.0,0.0,0.0,0.0,0.0,0.0,0.0,false,false,false,false,false,false,false,false,false,false,0.0,0.0,0.0,0.0,0.0,0.0,0.0,0.0,0.0,0.0,0.0,0.0,0.0,0.0,0.0,0
110,"                Espejos",11/22/22,11/23/22,2,0,0.0,,109,1.1.1.2.1.1.3.2.4,,,,,,false,false,false,false,false,false,false,false,false,false,0.0,0.0,0.0,0.0,0.0,0.0,0.0,0.0,0.0,0.0,0.0,0.0,0.0,0.0,0.0,false,false,false,false,false,false,false,false,false,false,0.0,0.0,0.0,0.0,0.0,0.0,0.0,0.0,0.0,0.0,0.0,0.0,0.0,0.0,0.0,0
111,"                Muebles de Cocina",11/7/22,11/10/22,4,0,0.0,,94,1.1.1.2.1.1.3.2.5,,,,,,false,false,false,false,false,false,false,false,false,false,0.0,0.0,0.0,0.0,0.0,0.0,0.0,0.0,0.0,0.0,0.0,0.0,0.0,0.0,0.0,false,false,false,false,false,false,false,false,false,false,0.0,0.0,0.0,0.0,0.0,0.0,0.0,0.0,0.0,0.0,0.0,0.0,0.0,0.0,0.0,0
112,"                Instalacion Cubierta mueble cocina",11/11/22,11/14/22,2,0,0.0,,111,1.1.1.2.1.1.3.2.6,,,,,,false,false,false,false,false,false,false,false,false,false,0.0,0.0,0.0,0.0,0.0,0.0,0.0,0.0,0.0,0.0,0.0,0.0,0.0,0.0,0.0,false,false,false,false,false,false,false,false,false,false,0.0,0.0,0.0,0.0,0.0,0.0,0.0,0.0,0.0,0.0,0.0,0.0,0.0,0.0,0.0,0
113,"                Closet Estructura Interior (Repisas Cajones)",11/16/22,11/18/22,3,0,0.0,,101,1.1.1.2.1.1.3.2.7,,,,,,false,false,false,false,false,false,false,false,false,false,0.0,0.0,0.0,0.0,0.0,0.0,0.0,0.0,0.0,0.0,0.0,0.0,0.0,0.0,0.0,false,false,false,false,false,false,false,false,false,false,0.0,0.0,0.0,0.0,0.0,0.0,0.0,0.0,0.0,0.0,0.0,0.0,0.0,0.0,0.0,0
114,"                Closets Puertas",11/23/22,11/24/22,2,0,0.0,,119,1.1.1.2.1.1.3.2.8,,,,,,false,false,false,false,false,false,false,false,false,false,0.0,0.0,0.0,0.0,0.0,0.0,0.0,0.0,0.0,0.0,0.0,0.0,0.0,0.0,0.0,false,false,false,false,false,false,false,false,false,false,0.0,0.0,0.0,0.0,0.0,0.0,0.0,0.0,0.0,0.0,0.0,0.0,0.0,0.0,0.0,0
115,"                Quincalleria",11/23/22,11/24/22,2,0,0.0,,102,1.1.1.2.1.1.3.2.9,,,,,,false,false,false,false,false,false,false,false,false,false,0.0,0.0,0.0,0.0,0.0,0.0,0.0,0.0,0.0,0.0,0.0,0.0,0.0,0.0,0.0,false,false,false,false,false,false,false,false,false,false,0.0,0.0,0.0,0.0,0.0,0.0,0.0,0.0,0.0,0.0,0.0,0.0,0.0,0.0,0.0,0
116,"                Manpara de Baño",11/21/22,11/22/22,2,0,0.0,,100,1.1.1.2.1.1.3.2.10,,,,,,false,false,false,false,false,false,false,false,false,false,0.0,0.0,0.0,0.0,0.0,0.0,0.0,0.0,0.0,0.0,0.0,0.0,0.0,0.0,0.0,false,false,false,false,false,false,false,false,false,false,0.0,0.0,0.0,0.0,0.0,0.0,0.0,0.0,0.0,0.0,0.0,0.0,0.0,0.0,0.0,0
117,"                Accesorios Baños",11/23/22,11/23/22,1,0,0.0,,116,1.1.1.2.1.1.3.2.11,,,,,,false,false,false,false,false,false,false,false,false,false,0.0,0.0,0.0,0.0,0.0,0.0,0.0,0.0,0.0,0.0,0.0,0.0,0.0,0.0,0.0,false,false,false,false,false,false,false,false,false,false,0.0,0.0,0.0,0.0,0.0,0.0,0.0,0.0,0.0,0.0,0.0,0.0,0.0,0.0,0.0,0
118,"                Griferia",11/22/22,11/24/22,3,0,0.0,,109,1.1.1.2.1.1.3.2.12,,,,,,false,false,false,false,false,false,false,false,false,false,0.0,0.0,0.0,0.0,0.0,0.0,0.0,0.0,0.0,0.0,0.0,0.0,0.0,0.0,0.0,false,false,false,false,false,false,false,false,false,false,0.0,0.0,0.0,0.0,0.0,0.0,0.0,0.0,0.0,0.0,0.0,0.0,0.0,0.0,0.0,0
119,"                Piso Vinilico",11/18/22,11/22/22,3,0,0.0,,99,1.1.1.2.1.1.3.2.13,,,,,,false,false,false,false,false,false,false,false,false,false,0.0,0.0,0.0,0.0,0.0,0.0,0.0,0.0,0.0,0.0,0.0,0.0,0.0,0.0,0.0,false,false,false,false,false,false,false,false,false,false,0.0,0.0,0.0,0.0,0.0,0.0,0.0,0.0,0.0,0.0,0.0,0.0,0.0,0.0,0.0,0
120,"                Guardapolvos",11/23/22,11/24/22,2,0,0.0,,119,1.1.1.2.1.1.3.2.14,,,,,,false,false,false,false,false,false,false,false,false,false,0.0,0.0,0.0,0.0,0.0,0.0,0.0,0.0,0.0,0.0,0.0,0.0,0.0,0.0,0.0,false,false,false,false,false,false,false,false,false,false,0.0,0.0,0.0,0.0,0.0,0.0,0.0,0.0,0.0,0.0,0.0,0.0,0.0,0.0,0.0,0
121,"                Sello Papel Mural",11/25/22,11/28/22,2,0,0.0,,120,1.1.1.2.1.1.3.2.15,,,,,,false,false,false,false,false,false,false,false,false,false,0.0,0.0,0.0,0.0,0.0,0.0,0.0,0.0,0.0,0.0,0.0,0.0,0.0,0.0,0.0,false,false,false,false,false,false,false,false,false,false,0.0,0.0,0.0,0.0,0.0,0.0,0.0,0.0,0.0,0.0,0.0,0.0,0.0,0.0,0.0,0
122,"                Papel Mural",11/29/22,11/30/22,2,0,0.0,,121,1.1.1.2.1.1.3.2.16,,,,,,false,false,false,false,false,false,false,false,false,false,0.0,0.0,0.0,0.0,0.0,0.0,0.0,0.0,0.0,0.0,0.0,0.0,0.0,0.0,0.0,false,false,false,false,false,false,false,false,false,false,0.0,0.0,0.0,0.0,0.0,0.0,0.0,0.0,0.0,0.0,0.0,0.0,0.0,0.0,0.0,0
123,"                Equipamiento de Cocina (Horno, Campana y Ecimera)",11/11/22,11/14/22,2,0,0.0,,111,1.1.1.2.1.1.3.2.17,,,,,,false,false,false,false,false,false,false,false,false,false,0.0,0.0,0.0,0.0,0.0,0.0,0.0,0.0,0.0,0.0,0.0,0.0,0.0,0.0,0.0,false,false,false,false,false,false,false,false,false,false,0.0,0.0,0.0,0.0,0.0,0.0,0.0,0.0,0.0,0.0,0.0,0.0,0.0,0.0,0.0,0
124,"                Aseo",12/1/22,12/1/22,1,0,0.0,,122,1.1.1.2.1.1.3.2.18,,,,,,false,false,false,false,false,false,false,false,false,false,0.0,0.0,0.0,0.0,0.0,0.0,0.0,0.0,0.0,0.0,0.0,0.0,0.0,0.0,0.0,false,false,false,false,false,false,false,false,false,false,0.0,0.0,0.0,0.0,0.0,0.0,0.0,0.0,0.0,0.0,0.0,0.0,0.0,0.0,0.0,0
125,"                R1",12/2/22,12/2/22,1,0,0.0,,124,1.1.1.2.1.1.3.2.19,,,,,,false,false,false,false,false,false,false,false,false,false,0.0,0.0,0.0,0.0,0.0,0.0,0.0,0.0,0.0,0.0,0.0,0.0,0.0,0.0,0.0,false,false,false,false,false,false,false,false,false,false,0.0,0.0,0.0,0.0,0.0,0.0,0.0,0.0,0.0,0.0,0.0,0.0,0.0,0.0,0.0,0
126,"            Departamento 209",11/4/22,12/12/22,27,17,0.0,,,1.1.1.2.1.1.4,,,"#000000",,,false,false,false,false,false,false,false,false,false,false,17.839506172839506,0.0,0.0,0.0,0.0,0.0,0.0,0.0,0.0,0.0,0.0,0.0,0.0,0.0,0.0,false,false,false,false,false,false,false,false,false,false,0.0,0.0,0.0,0.0,0.0,0.0,0.0,0.0,0.0,0.0,0.0,0.0,0.0,0.0,0.0,0
127,"              Fase 3",11/4/22,11/30/22,19,28,0.0,,,1.1.1.2.1.1.4.1,,,"#000000",,,false,false,false,false,false,false,false,false,false,false,28.82066276803119,0.0,0.0,0.0,0.0,0.0,0.0,0.0,0.0,0.0,0.0,0.0,0.0,0.0,0.0,false,false,false,false,false,false,false,false,false,false,0.0,0.0,0.0,0.0,0.0,0.0,0.0,0.0,0.0,0.0,0.0,0.0,0.0,0.0,0.0,0
128,"                Maquillaje Terrazas (Antepechos,Cielos, Muros sin Eifs, Cielos)",11/4/22,11/8/22,3,100,0.0,,88,1.1.1.2.1.1.4.1.1,,,,,,false,false,false,false,false,false,false,false,false,false,100.0,0.0,0.0,0.0,0.0,0.0,0.0,0.0,0.0,0.0,0.0,0.0,0.0,0.0,0.0,false,false,false,false,false,false,false,false,false,false,0.0,0.0,0.0,0.0,0.0,0.0,0.0,0.0,0.0,0.0,0.0,0.0,0.0,0.0,0.0,0
129,"                Remate Ventanas",11/9/22,11/10/22,2,50,0.0,,128,1.1.1.2.1.1.4.1.2,,,,,,false,false,false,false,false,false,false,false,false,false,50.0,0.0,0.0,0.0,0.0,0.0,0.0,0.0,0.0,0.0,0.0,0.0,0.0,0.0,0.0,false,false,false,false,false,false,false,false,false,false,0.0,0.0,0.0,0.0,0.0,0.0,0.0,0.0,0.0,0.0,0.0,0.0,0.0,0.0,0.0,0
130,"                Barandas Vidriadas instalacion Banquina Aluminio",11/21/22,11/23/22,3,0,0.0,,146,1.1.1.2.1.1.4.1.3,,,,,,false,false,false,false,false,false,false,false,false,false,0.0,0.0,0.0,0.0,0.0,0.0,0.0,0.0,0.0,0.0,0.0,0.0,0.0,0.0,0.0,false,false,false,false,false,false,false,false,false,false,0.0,0.0,0.0,0.0,0.0,0.0,0.0,0.0,0.0,0.0,0.0,0.0,0.0,0.0,0.0,0
131,"                Barandas Vidriadas Instalacion Cristal",11/24/22,11/28/22,3,0,0.0,,130,1.1.1.2.1.1.4.1.4,,,,,,false,false,false,false,false,false,false,false,false,false,0.0,0.0,0.0,0.0,0.0,0.0,0.0,0.0,0.0,0.0,0.0,0.0,0.0,0.0,0.0,false,false,false,false,false,false,false,false,false,false,0.0,0.0,0.0,0.0,0.0,0.0,0.0,0.0,0.0,0.0,0.0,0.0,0.0,0.0,0.0,0
132,"                Cortagoteras terrazas",11/9/22,11/11/22,3,0,0.0,,128,1.1.1.2.1.1.4.1.5,,,,,,false,false,false,false,false,false,false,false,false,false,0.0,0.0,0.0,0.0,0.0,0.0,0.0,0.0,0.0,0.0,0.0,0.0,0.0,0.0,0.0,false,false,false,false,false,false,false,false,false,false,0.0,0.0,0.0,0.0,0.0,0.0,0.0,0.0,0.0,0.0,0.0,0.0,0.0,0.0,0.0,0
133,"                Canteria Baños",11/21/22,11/25/22,5,100,0.0,,135,1.1.1.2.1.1.4.1.6,,,,,,false,false,false,false,false,false,false,false,false,false,100.0,0.0,0.0,0.0,0.0,0.0,0.0,0.0,0.0,0.0,0.0,0.0,0.0,0.0,0.0,false,false,false,false,false,false,false,false,false,false,0.0,0.0,0.0,0.0,0.0,0.0,0.0,0.0,0.0,0.0,0.0,0.0,0.0,0.0,0.0,0
134,"                Ceramica piso",11/11/22,11/14/22,2,100,0.0,,129,1.1.1.2.1.1.4.1.7,,,,,,false,false,false,false,false,false,false,false,false,false,100.0,0.0,0.0,0.0,0.0,0.0,0.0,0.0,0.0,0.0,0.0,0.0,0.0,0.0,0.0,false,false,false,false,false,false,false,false,false,false,0.0,0.0,0.0,0.0,0.0,0.0,0.0,0.0,0.0,0.0,0.0,0.0,0.0,0.0,0.0,0
135,"                Ceramica Muro (Baño)",11/16/22,11/18/22,3,0,0.0,,149,1.1.1.2.1.1.4.1.8,,,,,,false,false,false,false,false,false,false,false,false,false,0.0,0.0,0.0,0.0,0.0,0.0,0.0,0.0,0.0,0.0,0.0,0.0,0.0,0.0,0.0,false,false,false,false,false,false,false,false,false,false,0.0,0.0,0.0,0.0,0.0,0.0,0.0,0.0,0.0,0.0,0.0,0.0,0.0,0.0,0.0,0
136,"                CeramicaMuro (Cocina)",11/23/22,11/23/22,1,70,0.0,,153,1.1.1.2.1.1.4.1.9,,,,,,false,false,false,false,false,false,false,false,false,false,70.0,0.0,0.0,0.0,0.0,0.0,0.0,0.0,0.0,0.0,0.0,0.0,0.0,0.0,0.0,false,false,false,false,false,false,false,false,false,false,0.0,0.0,0.0,0.0,0.0,0.0,0.0,0.0,0.0,0.0,0.0,0.0,0.0,0.0,0.0,0
137,"                Cornisas",11/11/22,11/14/22,2,50,0.0,,129,1.1.1.2.1.1.4.1.10,,,,,,false,false,false,false,false,false,false,false,false,false,50.0,0.0,0.0,0.0,0.0,0.0,0.0,0.0,0.0,0.0,0.0,0.0,0.0,0.0,0.0,false,false,false,false,false,false,false,false,false,false,0.0,0.0,0.0,0.0,0.0,0.0,0.0,0.0,0.0,0.0,0.0,0.0,0.0,0.0,0.0,0
138,"                Empastes",11/15/22,11/18/22,4,50,0.0,,137,1.1.1.2.1.1.4.1.11,,,,,,false,false,false,false,false,false,false,false,false,false,50.0,0.0,0.0,0.0,0.0,0.0,0.0,0.0,0.0,0.0,0.0,0.0,0.0,0.0,0.0,false,false,false,false,false,false,false,false,false,false,0.0,0.0,0.0,0.0,0.0,0.0,0.0,0.0,0.0,0.0,0.0,0.0,0.0,0.0,0.0,0
139,"                Cielo Deptos (Revisar Terminacion)",11/21/22,11/25/22,5,0,0.0,,138,1.1.1.2.1.1.4.1.12,,,,,,false,false,false,false,false,false,false,false,false,false,0.0,0.0,0.0,0.0,0.0,0.0,0.0,0.0,0.0,0.0,0.0,0.0,0.0,0.0,0.0,false,false,false,false,false,false,false,false,false,false,0.0,0.0,0.0,0.0,0.0,0.0,0.0,0.0,0.0,0.0,0.0,0.0,0.0,0.0,0.0,0
140,"                Cielo Baños",11/28/22,11/28/22,1,0,0.0,,133,1.1.1.2.1.1.4.1.13,,,,,,false,false,false,false,false,false,false,false,false,false,0.0,0.0,0.0,0.0,0.0,0.0,0.0,0.0,0.0,0.0,0.0,0.0,0.0,0.0,0.0,false,false,false,false,false,false,false,false,false,false,0.0,0.0,0.0,0.0,0.0,0.0,0.0,0.0,0.0,0.0,0.0,0.0,0.0,0.0,0.0,0
141,"                Cielo Terrazas (Inst. Perfil c/Gotera)",11/9/22,11/10/22,2,0,0.0,,128,1.1.1.2.1.1.4.1.14,,,,,,false,false,false,false,false,false,false,false,false,false,0.0,0.0,0.0,0.0,0.0,0.0,0.0,0.0,0.0,0.0,0.0,0.0,0.0,0.0,0.0,false,false,false,false,false,false,false,false,false,false,0.0,0.0,0.0,0.0,0.0,0.0,0.0,0.0,0.0,0.0,0.0,0.0,0.0,0.0,0.0,0
142,"                Fondo Closet",11/21/22,11/23/22,3,0,0.0,,138,1.1.1.2.1.1.4.1.15,,,,,,false,false,false,false,false,false,false,false,false,false,0.0,0.0,0.0,0.0,0.0,0.0,0.0,0.0,0.0,0.0,0.0,0.0,0.0,0.0,0.0,false,false,false,false,false,false,false,false,false,false,0.0,0.0,0.0,0.0,0.0,0.0,0.0,0.0,0.0,0.0,0.0,0.0,0.0,0.0,0.0,0
143,"                Pintura (Puertas Y Muros S/Rev)",11/28/22,11/30/22,3,0,0.0,,139,1.1.1.2.1.1.4.1.16,,,,,,false,false,false,false,false,false,false,false,false,false,0.0,0.0,0.0,0.0,0.0,0.0,0.0,0.0,0.0,0.0,0.0,0.0,0.0,0.0,0.0,false,false,false,false,false,false,false,false,false,false,0.0,0.0,0.0,0.0,0.0,0.0,0.0,0.0,0.0,0.0,0.0,0.0,0.0,0.0,0.0,0
144,"                Pintura (Cielo Terrazas)",11/11/22,11/15/22,3,0,0.0,,129,1.1.1.2.1.1.4.1.17,,,,,,false,false,false,false,false,false,false,false,false,false,0.0,0.0,0.0,0.0,0.0,0.0,0.0,0.0,0.0,0.0,0.0,0.0,0.0,0.0,0.0,false,false,false,false,false,false,false,false,false,false,0.0,0.0,0.0,0.0,0.0,0.0,0.0,0.0,0.0,0.0,0.0,0.0,0.0,0.0,0.0,0
145,"                Calefon",11/16/22,11/16/22,1,0,0.0,,144,1.1.1.2.1.1.4.1.18,,,,,,false,false,false,false,false,false,false,false,false,false,0.0,0.0,0.0,0.0,0.0,0.0,0.0,0.0,0.0,0.0,0.0,0.0,0.0,0.0,0.0,false,false,false,false,false,false,false,false,false,false,0.0,0.0,0.0,0.0,0.0,0.0,0.0,0.0,0.0,0.0,0.0,0.0,0.0,0.0,0.0,0
146,"                Gabinete Calefon",11/17/22,11/18/22,2,0,0.0,,145,1.1.1.2.1.1.4.1.19,,,,,,false,false,false,false,false,false,false,false,false,false,0.0,0.0,0.0,0.0,0.0,0.0,0.0,0.0,0.0,0.0,0.0,0.0,0.0,0.0,0.0,false,false,false,false,false,false,false,false,false,false,0.0,0.0,0.0,0.0,0.0,0.0,0.0,0.0,0.0,0.0,0.0,0.0,0.0,0.0,0.0,0
147,"              Fase 4",11/15/22,12/12/22,20,2,0.0,,,1.1.1.2.1.1.4.2,,,"#000000",,,false,false,false,false,false,false,false,false,false,false,2.7037037037037037,0.0,0.0,0.0,0.0,0.0,0.0,0.0,0.0,0.0,0.0,0.0,0.0,0.0,0.0,false,false,false,false,false,false,false,false,false,false,0.0,0.0,0.0,0.0,0.0,0.0,0.0,0.0,0.0,0.0,0.0,0.0,0.0,0.0,0.0,0
148,"                Wc",11/15/22,11/15/22,1,0,0.0,,134,1.1.1.2.1.1.4.2.1,,,,,,false,false,false,false,false,false,false,false,false,false,0.0,0.0,0.0,0.0,0.0,0.0,0.0,0.0,0.0,0.0,0.0,0.0,0.0,0.0,0.0,false,false,false,false,false,false,false,false,false,false,0.0,0.0,0.0,0.0,0.0,0.0,0.0,0.0,0.0,0.0,0.0,0.0,0.0,0.0,0.0,0
149,"                Receptaculo",11/15/22,11/15/22,1,100,0.0,,134,1.1.1.2.1.1.4.2.2,,,,,,false,false,false,false,false,false,false,false,false,false,100.0,0.0,0.0,0.0,0.0,0.0,0.0,0.0,0.0,0.0,0.0,0.0,0.0,0.0,0.0,false,false,false,false,false,false,false,false,false,false,0.0,0.0,0.0,0.0,0.0,0.0,0.0,0.0,0.0,0.0,0.0,0.0,0.0,0.0,0.0,0
150,"                Muebles de Baño",11/29/22,11/29/22,1,0,0.0,,140,1.1.1.2.1.1.4.2.3,,,,,,false,false,false,false,false,false,false,false,false,false,0.0,0.0,0.0,0.0,0.0,0.0,0.0,0.0,0.0,0.0,0.0,0.0,0.0,0.0,0.0,false,false,false,false,false,false,false,false,false,false,0.0,0.0,0.0,0.0,0.0,0.0,0.0,0.0,0.0,0.0,0.0,0.0,0.0,0.0,0.0,0
151,"                Espejos",11/30/22,12/1/22,2,0,0.0,,150,1.1.1.2.1.1.4.2.4,,,,,,false,false,false,false,false,false,false,false,false,false,0.0,0.0,0.0,0.0,0.0,0.0,0.0,0.0,0.0,0.0,0.0,0.0,0.0,0.0,0.0,false,false,false,false,false,false,false,false,false,false,0.0,0.0,0.0,0.0,0.0,0.0,0.0,0.0,0.0,0.0,0.0,0.0,0.0,0.0,0.0,0
152,"                Muebles de Cocina",11/15/22,11/18/22,4,0,0.0,,134,1.1.1.2.1.1.4.2.5,,,,,,false,false,false,false,false,false,false,false,false,false,0.0,0.0,0.0,0.0,0.0,0.0,0.0,0.0,0.0,0.0,0.0,0.0,0.0,0.0,0.0,false,false,false,false,false,false,false,false,false,false,0.0,0.0,0.0,0.0,0.0,0.0,0.0,0.0,0.0,0.0,0.0,0.0,0.0,0.0,0.0,0
153,"                Instalacion Cubierta mueble cocina",11/21/22,11/22/22,2,0,0.0,,152,1.1.1.2.1.1.4.2.6,,,,,,false,false,false,false,false,false,false,false,false,false,0.0,0.0,0.0,0.0,0.0,0.0,0.0,0.0,0.0,0.0,0.0,0.0,0.0,0.0,0.0,false,false,false,false,false,false,false,false,false,false,0.0,0.0,0.0,0.0,0.0,0.0,0.0,0.0,0.0,0.0,0.0,0.0,0.0,0.0,0.0,0
154,"                Closet Estructura Interior (Repisas Cajones)",11/24/22,11/28/22,3,0,0.0,,142,1.1.1.2.1.1.4.2.7,,,,,,false,false,false,false,false,false,false,false,false,false,0.0,0.0,0.0,0.0,0.0,0.0,0.0,0.0,0.0,0.0,0.0,0.0,0.0,0.0,0.0,false,false,false,false,false,false,false,false,false,false,0.0,0.0,0.0,0.0,0.0,0.0,0.0,0.0,0.0,0.0,0.0,0.0,0.0,0.0,0.0,0
155,"                Closets Puertas",12/1/22,12/2/22,2,0,0.0,,160,1.1.1.2.1.1.4.2.8,,,,,,false,false,false,false,false,false,false,false,false,false,0.0,0.0,0.0,0.0,0.0,0.0,0.0,0.0,0.0,0.0,0.0,0.0,0.0,0.0,0.0,false,false,false,false,false,false,false,false,false,false,0.0,0.0,0.0,0.0,0.0,0.0,0.0,0.0,0.0,0.0,0.0,0.0,0.0,0.0,0.0,0
156,"                Quincalleria",12/1/22,12/2/22,2,0,0.0,,143,1.1.1.2.1.1.4.2.9,,,,,,false,false,false,false,false,false,false,false,false,false,0.0,0.0,0.0,0.0,0.0,0.0,0.0,0.0,0.0,0.0,0.0,0.0,0.0,0.0,0.0,false,false,false,false,false,false,false,false,false,false,0.0,0.0,0.0,0.0,0.0,0.0,0.0,0.0,0.0,0.0,0.0,0.0,0.0,0.0,0.0,0
157,"                Manpara de Baño",11/29/22,11/30/22,2,0,0.0,,140,1.1.1.2.1.1.4.2.10,,,,,,false,false,false,false,false,false,false,false,false,false,0.0,0.0,0.0,0.0,0.0,0.0,0.0,0.0,0.0,0.0,0.0,0.0,0.0,0.0,0.0,false,false,false,false,false,false,false,false,false,false,0.0,0.0,0.0,0.0,0.0,0.0,0.0,0.0,0.0,0.0,0.0,0.0,0.0,0.0,0.0,0
158,"                Accesorios Baños",12/1/22,12/1/22,1,0,0.0,,157,1.1.1.2.1.1.4.2.11,,,,,,false,false,false,false,false,false,false,false,false,false,0.0,0.0,0.0,0.0,0.0,0.0,0.0,0.0,0.0,0.0,0.0,0.0,0.0,0.0,0.0,false,false,false,false,false,false,false,false,false,false,0.0,0.0,0.0,0.0,0.0,0.0,0.0,0.0,0.0,0.0,0.0,0.0,0.0,0.0,0.0,0
159,"                Griferia",11/30/22,12/2/22,3,0,0.0,,150,1.1.1.2.1.1.4.2.12,,,,,,false,false,false,false,false,false,false,false,false,false,0.0,0.0,0.0,0.0,0.0,0.0,0.0,0.0,0.0,0.0,0.0,0.0,0.0,0.0,0.0,false,false,false,false,false,false,false,false,false,false,0.0,0.0,0.0,0.0,0.0,0.0,0.0,0.0,0.0,0.0,0.0,0.0,0.0,0.0,0.0,0
160,"                Piso Vinilico",11/28/22,11/30/22,3,0,0.0,,139,1.1.1.2.1.1.4.2.13,,,,,,false,false,false,false,false,false,false,false,false,false,0.0,0.0,0.0,0.0,0.0,0.0,0.0,0.0,0.0,0.0,0.0,0.0,0.0,0.0,0.0,false,false,false,false,false,false,false,false,false,false,0.0,0.0,0.0,0.0,0.0,0.0,0.0,0.0,0.0,0.0,0.0,0.0,0.0,0.0,0.0,0
161,"                Guardapolvos",12/1/22,12/2/22,2,0,0.0,,160,1.1.1.2.1.1.4.2.14,,,,,,false,false,false,false,false,false,false,false,false,false,0.0,0.0,0.0,0.0,0.0,0.0,0.0,0.0,0.0,0.0,0.0,0.0,0.0,0.0,0.0,false,false,false,false,false,false,false,false,false,false,0.0,0.0,0.0,0.0,0.0,0.0,0.0,0.0,0.0,0.0,0.0,0.0,0.0,0.0,0.0,0
162,"                Sello Papel Mural",12/5/22,12/6/22,2,0,0.0,,161,1.1.1.2.1.1.4.2.15,,,,,,false,false,false,false,false,false,false,false,false,false,0.0,0.0,0.0,0.0,0.0,0.0,0.0,0.0,0.0,0.0,0.0,0.0,0.0,0.0,0.0,false,false,false,false,false,false,false,false,false,false,0.0,0.0,0.0,0.0,0.0,0.0,0.0,0.0,0.0,0.0,0.0,0.0,0.0,0.0,0.0,0
163,"                Papel Mural",12/7/22,12/8/22,2,0,0.0,,162,1.1.1.2.1.1.4.2.16,,,,,,false,false,false,false,false,false,false,false,false,false,0.0,0.0,0.0,0.0,0.0,0.0,0.0,0.0,0.0,0.0,0.0,0.0,0.0,0.0,0.0,false,false,false,false,false,false,false,false,false,false,0.0,0.0,0.0,0.0,0.0,0.0,0.0,0.0,0.0,0.0,0.0,0.0,0.0,0.0,0.0,0
164,"                Equipamiento de Cocina (Horno, Campana y Ecimera)",11/21/22,11/22/22,2,0,0.0,,152,1.1.1.2.1.1.4.2.17,,,,,,false,false,false,false,false,false,false,false,false,false,0.0,0.0,0.0,0.0,0.0,0.0,0.0,0.0,0.0,0.0,0.0,0.0,0.0,0.0,0.0,false,false,false,false,false,false,false,false,false,false,0.0,0.0,0.0,0.0,0.0,0.0,0.0,0.0,0.0,0.0,0.0,0.0,0.0,0.0,0.0,0
165,"                Aseo",12/9/22,12/9/22,1,0,0.0,,163,1.1.1.2.1.1.4.2.18,,,,,,false,false,false,false,false,false,false,false,false,false,0.0,0.0,0.0,0.0,0.0,0.0,0.0,0.0,0.0,0.0,0.0,0.0,0.0,0.0,0.0,false,false,false,false,false,false,false,false,false,false,0.0,0.0,0.0,0.0,0.0,0.0,0.0,0.0,0.0,0.0,0.0,0.0,0.0,0.0,0.0,0
166,"                R1",12/12/22,12/12/22,1,0,0.0,,165,1.1.1.2.1.1.4.2.19,,,,,,false,false,false,false,false,false,false,false,false,false,0.0,0.0,0.0,0.0,0.0,0.0,0.0,0.0,0.0,0.0,0.0,0.0,0.0,0.0,0.0,false,false,false,false,false,false,false,false,false,false,0.0,0.0,0.0,0.0,0.0,0.0,0.0,0.0,0.0,0.0,0.0,0.0,0.0,0.0,0.0,0
167,"            Lavanderia",11/3/22,12/12/22,28,6,0.0,,,1.1.1.2.1.1.5,,,"#000000",,,false,false,false,false,false,false,false,false,false,false,6.25,0.0,0.0,0.0,0.0,0.0,0.0,0.0,0.0,0.0,0.0,0.0,0.0,0.0,0.0,false,false,false,false,false,false,false,false,false,false,0.0,0.0,0.0,0.0,0.0,0.0,0.0,0.0,0.0,0.0,0.0,0.0,0.0,0.0,0.0,"3,13"
168,"              Fase 3",11/3/22,11/23/22,15,11,0.0,,,1.1.1.2.1.1.5.1,,,"#000000",,,false,false,false,false,false,false,false,false,false,false,11.765432098765432,0.0,0.0,0.0,0.0,0.0,0.0,0.0,0.0,0.0,0.0,0.0,0.0,0.0,0.0,false,false,false,false,false,false,false,false,false,false,0.0,0.0,0.0,0.0,0.0,0.0,0.0,0.0,0.0,0.0,0.0,0.0,0.0,0.0,0.0,0
169,"                Marcos y Puertas Acceso",11/7/22,11/8/22,2,0,0.0,,170,1.1.1.2.1.1.5.1.1,,,,,,false,false,false,false,false,false,false,false,false,false,0.0,0.0,0.0,0.0,0.0,0.0,0.0,0.0,0.0,0.0,0.0,0.0,0.0,0.0,0.0,false,false,false,false,false,false,false,false,false,false,0.0,0.0,0.0,0.0,0.0,0.0,0.0,0.0,0.0,0.0,0.0,0.0,0.0,0.0,0.0,0
170,"                Ventanas",11/3/22,11/4/22,2,100,0.0,,9-SS=P8D,1.1.1.2.1.1.5.1.2,,,,,,false,false,false,false,false,false,false,false,false,false,100.0,0.0,0.0,0.0,0.0,0.0,0.0,0.0,0.0,0.0,0.0,0.0,0.0,0.0,0.0,false,false,false,false,false,false,false,false,false,false,0.0,0.0,0.0,0.0,0.0,0.0,0.0,0.0,0.0,0.0,0.0,0.0,0.0,0.0,0.0,0
171,"                Remate Ventanas",11/7/22,11/8/22,2,0,0.0,,170,1.1.1.2.1.1.5.1.3,,,,,,false,false,false,false,false,false,false,false,false,false,0.0,0.0,0.0,0.0,0.0,0.0,0.0,0.0,0.0,0.0,0.0,0.0,0.0,0.0,0.0,false,false,false,false,false,false,false,false,false,false,0.0,0.0,0.0,0.0,0.0,0.0,0.0,0.0,0.0,0.0,0.0,0.0,0.0,0.0,0.0,0
172,"                Cornisas",11/9/22,11/9/22,1,0,0.0,,171,1.1.1.2.1.1.5.1.4,,,,,,false,false,false,false,false,false,false,false,false,false,0.0,0.0,0.0,0.0,0.0,0.0,0.0,0.0,0.0,0.0,0.0,0.0,0.0,0.0,0.0,false,false,false,false,false,false,false,false,false,false,0.0,0.0,0.0,0.0,0.0,0.0,0.0,0.0,0.0,0.0,0.0,0.0,0.0,0.0,0.0,0
173,"                Empastes",11/10/22,11/14/22,3,0,0.0,,172,1.1.1.2.1.1.5.1.5,,,,,,false,false,false,false,false,false,false,false,false,false,0.0,0.0,0.0,0.0,0.0,0.0,0.0,0.0,0.0,0.0,0.0,0.0,0.0,0.0,0.0,false,false,false,false,false,false,false,false,false,false,0.0,0.0,0.0,0.0,0.0,0.0,0.0,0.0,0.0,0.0,0.0,0.0,0.0,0.0,0.0,0
174,"                Pintura Cielo",11/15/22,11/17/22,3,0,0.0,,173,1.1.1.2.1.1.5.1.6,,,,,,false,false,false,false,false,false,false,false,false,false,0.0,0.0,0.0,0.0,0.0,0.0,0.0,0.0,0.0,0.0,0.0,0.0,0.0,0.0,0.0,false,false,false,false,false,false,false,false,false,false,0.0,0.0,0.0,0.0,0.0,0.0,0.0,0.0,0.0,0.0,0.0,0.0,0.0,0.0,0.0,0
175,"                Pintura",11/18/22,11/23/22,4,0,0.0,,174,1.1.1.2.1.1.5.1.7,,,,,,false,false,false,false,false,false,false,false,false,false,0.0,0.0,0.0,0.0,0.0,0.0,0.0,0.0,0.0,0.0,0.0,0.0,0.0,0.0,0.0,false,false,false,false,false,false,false,false,false,false,0.0,0.0,0.0,0.0,0.0,0.0,0.0,0.0,0.0,0.0,0.0,0.0,0.0,0.0,0.0,0
176,"              Fase 4",11/9/22,12/12/22,24,0,0.0,,,1.1.1.2.1.1.5.2,,,"#000000",,,false,false,false,false,false,false,false,false,false,false,0.0,0.0,0.0,0.0,0.0,0.0,0.0,0.0,0.0,0.0,0.0,0.0,0.0,0.0,0.0,false,false,false,false,false,false,false,false,false,false,0.0,0.0,0.0,0.0,0.0,0.0,0.0,0.0,0.0,0.0,0.0,0.0,0.0,0.0,0.0,0
177,"                Quincalleria",11/9/22,11/10/22,2,0,0.0,,169,1.1.1.2.1.1.5.2.1,,,,,,false,false,false,false,false,false,false,false,false,false,0.0,0.0,0.0,0.0,0.0,0.0,0.0,0.0,0.0,0.0,0.0,0.0,0.0,0.0,0.0,false,false,false,false,false,false,false,false,false,false,0.0,0.0,0.0,0.0,0.0,0.0,0.0,0.0,0.0,0.0,0.0,0.0,0.0,0.0,0.0,0
178,"                Piso Porcenalanto",11/24/22,11/28/22,3,0,0.0,,175,1.1.1.2.1.1.5.2.2,,,,,,false,false,false,false,false,false,false,false,false,false,0.0,0.0,0.0,0.0,0.0,0.0,0.0,0.0,0.0,0.0,0.0,0.0,0.0,0.0,0.0,false,false,false,false,false,false,false,false,false,false,0.0,0.0,0.0,0.0,0.0,0.0,0.0,0.0,0.0,0.0,0.0,0.0,0.0,0.0,0.0,0
179,"                Guardapolvos Ceramicos",11/29/22,11/30/22,2,0,0.0,,178,1.1.1.2.1.1.5.2.3,,,,,,false,false,false,false,false,false,false,false,false,false,0.0,0.0,0.0,0.0,0.0,0.0,0.0,0.0,0.0,0.0,0.0,0.0,0.0,0.0,0.0,false,false,false,false,false,false,false,false,false,false,0.0,0.0,0.0,0.0,0.0,0.0,0.0,0.0,0.0,0.0,0.0,0.0,0.0,0.0,0.0,0
180,"                Revestimiento muro ladrillo negro",12/1/22,12/2/22,2,0,0.0,,179,1.1.1.2.1.1.5.2.4,,,,,,false,false,false,false,false,false,false,false,false,false,0.0,0.0,0.0,0.0,0.0,0.0,0.0,0.0,0.0,0.0,0.0,0.0,0.0,0.0,0.0,false,false,false,false,false,false,false,false,false,false,0.0,0.0,0.0,0.0,0.0,0.0,0.0,0.0,0.0,0.0,0.0,0.0,0.0,0.0,0.0,0
181,"                Instalacion Espejos",12/5/22,12/6/22,2,0,0.0,,180,1.1.1.2.1.1.5.2.5,,,,,,false,false,false,false,false,false,false,false,false,false,0.0,0.0,0.0,0.0,0.0,0.0,0.0,0.0,0.0,0.0,0.0,0.0,0.0,0.0,0.0,false,false,false,false,false,false,false,false,false,false,0.0,0.0,0.0,0.0,0.0,0.0,0.0,0.0,0.0,0.0,0.0,0.0,0.0,0.0,0.0,0
182,"                Equipamiento (Lavadoras- calefont)",12/7/22,12/8/22,2,0,0.0,,181,1.1.1.2.1.1.5.2.6,,,,,,false,false,false,false,false,false,false,false,false,false,0.0,0.0,0.0,0.0,0.0,0.0,0.0,0.0,0.0,0.0,0.0,0.0,0.0,0.0,0.0,false,false,false,false,false,false,false,false,false,false,0.0,0.0,0.0,0.0,0.0,0.0,0.0,0.0,0.0,0.0,0.0,0.0,0.0,0.0,0.0,0
183,"                Aseo",12/9/22,12/9/22,1,0,0.0,,182,1.1.1.2.1.1.5.2.7,,,,,,false,false,false,false,false,false,false,false,false,false,0.0,0.0,0.0,0.0,0.0,0.0,0.0,0.0,0.0,0.0,0.0,0.0,0.0,0.0,0.0,false,false,false,false,false,false,false,false,false,false,0.0,0.0,0.0,0.0,0.0,0.0,0.0,0.0,0.0,0.0,0.0,0.0,0.0,0.0,0.0,0
184,"                R1",12/12/22,12/12/22,1,0,0.0,,183,1.1.1.2.1.1.5.2.8,,,,,,false,false,false,false,false,false,false,false,false,false,0.0,0.0,0.0,0.0,0.0,0.0,0.0,0.0,0.0,0.0,0.0,0.0,0.0,0.0,0.0,false,false,false,false,false,false,false,false,false,false,0.0,0.0,0.0,0.0,0.0,0.0,0.0,0.0,0.0,0.0,0.0,0.0,0.0,0.0,0.0,0


ID,Name,Default role,e-mail,Phone,Standard rate,Total cost,Total load,Number1,Number2,Number3,Number4,Number5,Cost1,Cost2,Cost3,Flag10,Flag1,Flag2,Flag3,Flag4,Flag5,Flag6,Flag7,Flag8,Flag9,Cost4,Cost5,Cost6,Cost7,Cost8,Cost9,Cost10,Flag11,Flag12,Flag13,Flag14,Flag15,Flag16,Flag17,Flag18,Flag19,Flag20,Number6,Number7,Number8,Number9,Number10,Number11,Number12,Number13,Number14,Number15,Number16,Number17,Number18,Number19,Number20
0,,Default:0,,,0,0,0.0,0.0,0.0,0.0,0.0,0.0,0.0,0.0,0.0,false,false,false,false,false,false,false,false,false,false,0.0,0.0,0.0,0.0,0.0,0.0,0.0,false,false,false,false,false,false,false,false,false,false,0.0,0.0,0.0,0.0,0.0,0.0,0.0,0.0,0.0,0.0,0.0,0.0,0.0,0.0,0.0
